<?xml version="1.0" encoding="UTF-8"?>
<!DOCTYPE fontscolors PUBLIC "-//NetBeans//DTD Editor Fonts and Colors settings 1.1//EN" "http://www.netbeans.org/dtds/EditorFontsColors-1_1.dtd">
<fontscolors>
    <fontcolor bgColor="ff364135" name="mark-occurrences"/>
    <fontcolor foreColor="ff00588f" name="identifier"/>
    <fontcolor default="field" foreColor="ffbababa" name="markup-attribute"/>
    <fontcolor default="identifier" name="method"/>
    <fontcolor foreColor="ff009966" name="string"/>
    <fontcolor default="keyword" foreColor="ffe8bf6a" name="markup-element"/>
    <fontcolor default="string" foreColor="ffa5c261" name="markup-attribute-value"/>
    <fontcolor name="error" waveUnderlined="ff9e2927"/>
    <fontcolor default="default" name="entity-reference"/>
    <fontcolor foreColor="ffa9b7c6" name="separator"/>
    <fontcolor foreColor="ffa9b7c6" name="operator"/>
    <fontcolor foreColor="ff287bde" name="url" underline="ff287bde"/>
    <fontcolor foreColor="yellow" name="number"/>
    <fontcolor bgColor="ff131313" foreColor="ff006666" name="default">
        <font name="Monaco" size="14" style="plain"/>
    </fontcolor>
    <fontcolor default="identifier" foreColor="ff00cccc" name="field"/>
    <fontcolor foreColor="ff6a8759" name="char"/>
    <fontcolor bgColor="ff52503a" name="warning" waveUnderlined="ff52503a"/>
    <fontcolor foreColor="gray" name="comment"/>
    <fontcolor foreColor="ff990033" name="keyword">
        <font name="Monaco" size="16" style="plain"/>
    </fontcolor>
    <fontcolor foreColor="white" name="whitespace">
        <font name="Monaco" size="16" style="plain"/>
    </fontcolor>
</fontscolors>
